S,B,latency,memory,energy,is_validation,oom
32,1,0.0007111090235412121,18763776,0.01970859985785359,False,False
32,2,0.00039563298923894763,18874368,0.024408623417721518,False,False
32,4,0.00039274198934435844,19095552,0.0252756183745583,False,False
32,8,0.0004045979876536876,19537920,0.02467718446601942,False,False
32,16,0.0004436770104803145,14843904,0.026877551020408164,False,False
32,32,0.0005745189846493304,15958016,0.03888799540493969,False,False
32,64,0.0007691489881835878,18186240,0.05668332052267487,False,False
32,128,0.002434694906696677,59342848,0.16160827250608273,False,False
32,256,0.004478912800550461,103669760,0.29591517857142857,False,False
32,78,0.0016950189601629972,42409984,0.10089661016949153,True,False
32,70,0.0015220820205286145,38626304,0.10025570776255707,True,False
32,65,0.0008479619864374399,18255872,0.061754237288135595,True,False
64,1,0.0004438479954842478,23969792,0.027201863354037268,False,False
64,2,0.0004648850008379668,24117248,0.028241635687732344,False,False
64,4,0.0004859449982177466,24903680,0.029411078717201167,False,False
64,8,0.0004509690043050796,17793536,0.029871956717763753,False,False
64,16,0.000505323987454176,19497472,0.03707882769075291,False,False
64,32,0.0008135269745253026,22642688,0.06413658536585366,False,False
64,64,0.0015787070151418447,32210944,0.10316719242902209,False,False
64,128,0.005823090206831694,76644352,0.38400581395348843,False,False
64,256,0.011474248953163624,138272768,0.7545454545454546,False,False
64,78,0.0034356419928371906,52953088,0.22661986301369863,True,False
64,70,0.003343614051118493,48088064,0.19805333333333333,True,False
64,65,0.001601370982825756,32342016,0.1154992,True,False
128,1,0.0006697889766655862,24412160,0.0399611780455154,False,False
128,2,0.0004514130123425275,17794048,0.026929151624548734,False,False
128,4,0.0005306720267981291,19497984,0.04175119363395225,False,False
128,8,0.0009307240252383053,22642688,0.07322604651162791,False,False
128,16,0.0015511380042880774,32210944,0.11317364341085272,False,False
128,32,0.003541371086612344,49381376,0.23171378091872794,False,False
128,64,0.007013329770416021,119316480,0.4616643356643357,False,False
128,128,0.02026967518031597,223518720,1.31416,False,False
128,256,0.04110283404588699,431923200,2.65108,False,False
128,78,0.012212402187287807,144187392,0.8084512195121952,True,False
128,70,0.011013610288500786,141303808,0.7296483516483516,True,False
128,65,0.006917579099535942,136519680,0.4572206896551724,True,False
224,1,0.00048193399561569095,18699776,0.03520192771084337,False,False
224,2,0.0006140419864095747,21308928,0.05266605279312462,False,False
224,4,0.001161435036920011,27377664,0.09098375870069605,False,False
224,8,0.0028220159001648426,41025536,0.16801126760563379,False,False
224,16,0.005369856022298336,68780032,0.35452941176470587,False,False
224,32,0.010650750249624252,174673920,0.708372340425532,False,False
224,64,0.020116617903113365,335904768,1.3249000000000002,False,False
224,128,0.059790924191474915,655458304,3.9338235294117645,False,False
224,256,0.12154461443424225,1292992512,8.173444444444446,False,False
224,78,0.03577795624732971,410918912,2.383892857142857,True,False
224,70,0.03297369182109833,396451840,2.1585161290322583,True,False
224,65,0.02012384869158268,387948544,1.3359800000000002,True,False
256,1,0.0005018470110371709,19499008,0.036063221274460606,False,False
256,2,0.0006346810259856284,22906880,0.05433883248730965,False,False
256,4,0.0015403300058096647,32210944,0.10085384615384617,False,False
256,8,0.003201630897819996,49381376,0.19092012779552717,False,False
256,16,0.006020077038556337,119316480,0.3997664670658682,False,False
256,32,0.012151362374424934,223518720,0.8053012048192771,False,False
256,64,0.02450316585600376,431923200,1.6305121951219512,False,False
256,128,0.07378792762756348,848732160,4.7685,False,False
256,256,0.15027019381523132,1683062784,10.4,False,False
256,78,0.04699075594544411,532455424,3.0245,True,False
256,70,0.04336279258131981,513581056,3.0464583333333333,True,False
256,65,0.02674529142677784,501784576,1.922421052631579,True,False
384,1,0.000807696022093296,23822336,0.06415577078288943,False,False
384,2,0.0016466700471937656,33783808,0.11973355263157895,False,False
384,4,0.0035551460459828377,53837824,0.23495390070921987,False,False
384,8,0.007509308867156506,95125504,0.49452985074626865,False,False
384,16,0.014354290440678596,227639296,0.9487428571428572,False,False
384,32,0.028169315308332443,436260864,1.8414444444444444,False,False
384,64,0.05690898001194,857407488,3.6857222222222226,False,False
384,128,0.1709817349910736,1699840000,11.065333333333333,False,False
384,256,0.3427242338657379,3384287232,22.179000000000002,False,False
384,78,0.1036715880036354,1058543616,6.6928,True,False
384,70,0.0957009345293045,1015420928,6.654181818181818,True,False
384,65,0.058607082813978195,989599744,3.6938888888888886,True,False
512,1,0.001589705003425479,32210944,0.10412063492063493,False,False
512,2,0.003156126942485571,49381376,0.20943533123028393,False,False
512,4,0.0064215101301670074,85032960,0.38261538461538463,False,False
512,8,0.012691302224993706,156336128,0.8408227848101265,False,False
512,16,0.02393006533384323,399734784,1.5808333333333333,False,False
512,32,0.04835013300180435,784355328,3.1619523809523806,False,False
512,64,0.09822335839271545,1553596416,6.599363636363637,False,False
512,128,0.30075302720069885,3092348928,18.34,False,False
512,256,0.6015468835830688,6169042944,39.835,False,False
512,78,0.1844184845685959,1920040960,12.179666666666668,True,False
512,70,0.169244185090065,1844543488,11.080666666666666,True,False
512,65,0.10101205110549927,1798406144,6.6703,True,False
448,1,0.0013293590163812041,27377664,0.08780610889774236,True,False
448,2,0.002681789919734001,41025536,0.177485254691689,True,False
448,4,0.005032477900385857,68780032,0.3356130653266332,True,False
448,8,0.009955691173672676,123961344,0.6569108910891089,True,False
448,16,0.02018340863287449,307247104,1.3290199999999999,True,False
448,32,0.04018838703632355,598855680,2.3917599999999997,True,False
448,64,0.079061359167099,1180499968,5.09623076923077,True,False
448,128,0.23734033107757568,2343788544,15.955400000000001,True,False
448,256,0.4861747920513153,4672462848,33.24333333333333,True,False
448,78,0.15135714411735535,1457559552,10.443857142857143,True,False
448,70,0.1391906887292862,1399134208,9.121625,True,False
448,65,0.08263737708330154,1364367360,5.622076923076923,True,False
112,1,0.0006381439743563533,24273920,0.03315752551020408,True,False
112,2,0.0005240680184215307,24725504,0.03166788894709272,True,False
112,4,0.0005168329807929695,18698752,0.037690439276485785,True,False
112,8,0.0008212500251829624,20553728,0.06014778325123153,True,False
112,16,0.0012198139447718859,27377664,0.09682073170731707,True,False
112,32,0.002753768116235733,41025536,0.16418956043956043,True,False
112,64,0.00534449378028512,68780032,0.3528563829787234,True,False
112,128,0.017794018611311913,205824000,1.1694912280701755,True,False
112,256,0.03638695552945137,396533760,2.3792142857142857,True,False
112,78,0.010325063019990921,82935808,0.6862474226804124,True,False
112,70,0.009411388076841831,74107904,0.6227289719626169,True,False
112,65,0.005251954775303602,69482496,0.34807853403141364,True,False
48,1,0.0005783960223197937,14255616,0.029624060150375938,True,False
48,2,0.0005214610137045383,14043136,0.03227424400417101,True,False
48,4,0.0007023329962976277,14356480,0.02812710674157303,True,False
48,8,0.000513365026563406,14983168,0.031213552361396304,True,False
48,16,0.00048269599210470915,16236544,0.03237837837837838,True,False
48,32,0.0006358260288834572,18743296,0.05490336935791481,True,False
48,64,0.0011362370569258928,23822336,0.08256186152099886,True,False
48,128,0.003259120974689722,66551808,0.2167785016286645,True,False
48,256,0.006591049022972584,118087680,0.43814473684210525,True,False
48,78,0.0022617820650339127,46802944,0.14887584650112867,True,False
48,70,0.0020215020049363375,42568704,0.11977777777777777,True,False
48,65,0.00113479804713279,23913472,0.08179931972789116,True,False
496,1,0.0015536609571427107,30458880,0.10199223602484474,True,False
496,2,0.00304855196736753,48472064,0.18203343465045593,True,False
496,4,0.006120551843196154,82452480,0.4060121951219512,True,False
496,8,0.01233905740082264,148594688,0.8109512195121952,True,False
496,16,0.023386076092720032,361955328,1.3979302325581395,True,False
496,32,0.046569373458623886,706084864,3.040318181818182,True,False
496,64,0.0941535085439682,1396342784,6.035545454545455,True,False
496,128,0.2910448908805847,2776866816,19.92175,True,False
496,256,0.6064961552619934,5539667968,39.827,True,False
496,78,0.1848110854625702,1724174336,12.229833333333334,True,False
496,70,0.16826631128787994,1654513664,11.087833333333334,True,False
496,65,0.10128511488437653,1609668608,6.6426,True,False
